nombre_jugador,pais_nacimiento,pais_donde_juega,posicion,edad,numero_partidos_seleccion,goles_seleccion
Kevin Cedeño,Ecuador,Ecuador,Lateral derecho,30,73,8
Hiroki Morita,Japón,Alemania,Delantero centro,38,20,19
Kai Schneider Weber,Alemania,Alemania,Extremo derecho,25,35,6
Dani Martínez,España,España,Extremo derecho,21,13,7
Gonçalo Ferreira,Portugal,Portugal,Delantero centro,18,0,0
Ilias Bono,Marruecos,Marruecos,Mediocampista defensivo,21,19,2
Youssef El Idrissi,Marruecos,Marruecos,Extremo derecho,27,10,5
João Santos Barbosa,Brasil,Francia,Extremo derecho,33,66,13
Bruno Lima,Brasil,Senegal,Arquero,27,38,0
Adrien Kanté Giroud,Francia,Inglaterra,Extremo izquierdo,18,2,2
Christian Robinson,Estados Unidos,Ecuador,Lateral derecho,36,30,0
Olivier Camara,Francia,Francia,Extremo izquierdo,20,13,11
Mike Fofana,Francia,Francia,Delantero centro,34,78,46
Lamine Cissé,Senegal,Senegal,Arquero,29,49,0
Bruno Lima Silva,Brasil,Brasil,Lateral izquierdo,24,32,5
Ferran Pérez Torres,España,Francia,Arquero,32,99,0
Christian Miller,Estados Unidos,España,Lateral derecho,37,110,4
Oussama Ziyech,Marruecos,España,Defensa central,31,57,4
Nuno Oliveira,Portugal,Inglaterra,Delantero centro,26,62,27
Jeremy Cedeño Valencia,Ecuador,Ecuador,Delantero centro,18,1,1
Miles Reyna,Estados Unidos,Alemania,Defensa central,30,70,3
Daichi Nakamura,Japón,Japón,Delantero centro,26,64,34
André Santos Silva,Portugal,Portugal,Mediocampista ofensivo,27,49,16
Phil Taylor King,Inglaterra,Inglaterra,Lateral izquierdo,34,79,2
Sadio Cissé,Senegal,Senegal,Lateral izquierdo,38,69,1
Matheus Silva,Brasil,Brasil,Lateral izquierdo,22,30,2
Serge Schmidt Becker,Alemania,Alemania,Arquero,20,11,0
Bruno Neves,Portugal,Portugal,Mediocampista ofensivo,35,49,9
Bruno Oliveira,Brasil,Brasil,Lateral izquierdo,30,60,2
Felipe Santos,Brasil,Argentina,Defensa central,35,66,3
Rafael Costa,Brasil,Brasil,Lateral izquierdo,29,41,3
Ritsu Yamamoto,Japón,España,Delantero centro,35,58,15
Marcus Green,Inglaterra,Francia,Extremo izquierdo,19,8,8
Taiwo Balogun,Nigeria,Nigeria,Arquero,36,76,0
Jhon Mina,Ecuador,Ecuador,Extremo derecho,18,6,6
Jules Camara,Francia,Francia,Lateral izquierdo,38,37,0
Jordan Morris Pulisic,Estados Unidos,México,Mediocampista defensivo,19,18,1
Harry Brown,Inglaterra,España,Mediocampista defensivo,33,67,0
Marcus Wright Smith,Inglaterra,España,Defensa central,30,23,2
Bryan Caicedo,Ecuador,Ecuador,Mediocampista defensivo,34,53,12
Théo Fofana Petit,Francia,Argentina,Defensa central,33,106,0
Christian Johnson,Estados Unidos,Inglaterra,Extremo derecho,29,58,9
Olivier Giroud,Francia,Francia,Delantero centro,30,92,21
Miles Pulisic,Estados Unidos,Inglaterra,Extremo izquierdo,35,54,4
Bryan Cedeño Mina,Ecuador,Francia,Mediocampista defensivo,22,17,2
Nicolás Martínez,Argentina,Argentina,Mediocampista ofensivo,35,83,10
Julian Wagner Becker,Alemania,Japón,Extremo derecho,24,19,12
Kelechi Balogun,Nigeria,Argentina,Defensa central,37,32,0
Noah Miller,Estados Unidos,Estados Unidos,Delantero centro,32,64,16
Pedri Ruiz López,España,España,Defensa central,36,50,3
Rafael Ferreira Barbosa,Brasil,México,Mediocampista ofensivo,32,39,4
Gonzalo Álvarez,Argentina,Alemania,Lateral derecho,24,32,1
Mason Green,Inglaterra,Inglaterra,Arquero,36,56,0
Thiago Álvarez Fernández,Argentina,Argentina,Mediocampista ofensivo,38,115,10
Rodrygo Almeida Costa,Brasil,Brasil,Mediocampista defensivo,19,13,5
Carlos Alonso,España,España,Extremo derecho,35,89,6
Rodrygo Costa,Brasil,España,Mediocampista ofensivo,38,53,6
Théo Diaby,Francia,Francia,Delantero centro,29,54,20
Diego Rodríguez,México,España,Defensa central,30,29,2
Craig Grant,Australia,Australia,Extremo izquierdo,29,35,16
Jude Walker,Inglaterra,Inglaterra,Extremo izquierdo,20,18,6
Carlos Ramírez,México,México,Mediocampista ofensivo,22,22,3
João Ramos Pereira,Portugal,Alemania,Extremo izquierdo,19,24,5
Lachlan Maclaren,Australia,Australia,Lateral derecho,18,17,1
Thomas Müller,Alemania,Alemania,Lateral izquierdo,26,59,7
Aaron Rowles,Australia,Australia,Mediocampista ofensivo,21,15,4
Jordi Martínez,España,España,Lateral derecho,26,62,1
Ethan Miller Pulisic,Estados Unidos,España,Lateral derecho,28,37,5
Brandon Adams Miller,Estados Unidos,Estados Unidos,Lateral derecho,28,57,1
Rodrygo Lima Ferreira,Brasil,Estados Unidos,Mediocampista ofensivo,27,57,1
Gonçalo Ramos,Portugal,Portugal,Extremo derecho,38,43,23
Rúben Ferreira,Portugal,Portugal,Lateral izquierdo,23,31,6
Florian Weber,Alemania,Alemania,Lateral izquierdo,25,55,6
Samuel Adebayo,Nigeria,Nigeria,Extremo derecho,24,31,8
Santiago Hernández,México,Ecuador,Arquero,26,34,0
Nicolas Mané Dieng,Senegal,Senegal,Delantero centro,21,25,21
Emiliano Rodríguez Molina,Argentina,Argentina,Extremo derecho,19,13,9
Cheikhou Fall,Senegal,Senegal,Defensa central,38,73,8
Ilias Ziyech,Marruecos,Portugal,Delantero centro,21,22,10
Riley Smith,Australia,Senegal,Lateral derecho,25,28,1
Habib Ndiaye 787,Senegal,Australia,Defensa central,34,57,4
Habib Mané,Senegal,Senegal,Extremo izquierdo,37,73,19
Timothy Robinson,Estados Unidos,Estados Unidos,Extremo izquierdo,28,66,14
Dixon Gruezo Chávez,Ecuador,Ecuador,Mediocampista defensivo,34,124,8
Mason Jones,Inglaterra,España,Mediocampista ofensivo,21,2,0
Bilal Ziyech El Idrissi,Marruecos,Inglaterra,Delantero centro,38,72,22
Danilo Pereira,Brasil,Inglaterra,Extremo derecho,19,12,8
Luis Jiménez,México,Brasil,Extremo izquierdo,34,15,5
Pablo Alonso,España,Estados Unidos,Defensa central,37,91,12
Timothy Miller,Estados Unidos,Brasil,Mediocampista defensivo,28,49,5
Ahmed Adebayo,Nigeria,Nigeria,Extremo derecho,25,47,22
Emiliano García,México,México,Lateral izquierdo,31,88,10
Craig Mooy,Australia,España,Lateral izquierdo,30,81,2
Aurélien Mbappé,Francia,Francia,Delantero centro,22,14,14
Callum Green,Inglaterra,Francia,Extremo izquierdo,37,94,17
Daichi Ito Kamada,Japón,Alemania,Defensa central,27,39,3
Yuto Tanaka,Japón,Japón,Delantero centro,23,16,9
João Silva Ramos,Portugal,Portugal,Arquero,29,59,0
Oussama En-Nesyri,Marruecos,España,Delantero centro,31,15,14
Carlos Chávez Martínez,México,Estados Unidos,Lateral derecho,25,44,1
Harry Mooy,Australia,Portugal,Lateral derecho,25,38,4
Ayase Yamamoto,Japón,Francia,Lateral izquierdo,23,38,4
Sergio Sánchez,España,Francia,Mediocampista defensivo,26,62,1
Tyler Reyna,Estados Unidos,Estados Unidos,Mediocampista ofensivo,24,6,2
Kalidou Diallo,Senegal,España,Arquero,35,57,0
Aurélien Diaby,Francia,Francia,Delantero centro,19,7,7
Antoine Petit,Francia,Australia,Extremo izquierdo,18,4,4
Romain El Idrissi,Marruecos,Marruecos,Extremo derecho,38,37,6
Leroy Hoffmann,Alemania,Alemania,Mediocampista ofensivo,29,33,4
Raúl Martínez,México,Inglaterra,Lateral derecho,27,17,1
Timo Weber,Alemania,Francia,Lateral izquierdo,24,35,3
Christian Miller Johnson,Estados Unidos,Estados Unidos,Delantero centro,27,34,25
James Smith,Inglaterra,Inglaterra,Delantero centro,35,63,36
Jules Kanté,Francia,México,Defensa central,30,84,2
Craig Ryan,Australia,Australia,Defensa central,25,28,1
Rúben Gomes Pereira,Portugal,España,Mediocampista defensivo,27,61,9
Cameron Adams Carter,Estados Unidos,Japón,Lateral izquierdo,30,64,4
João Almeida Oliveira,Brasil,Senegal,Delantero centro,38,23,15
Aaron Leckie Goodwin,Australia,Australia,Defensa central,25,21,5
Hakim El Haddadi Saïss,Marruecos,Francia,Defensa central,20,19,2
Phil Walker,Inglaterra,Inglaterra,Defensa central,36,50,1
Dani Sánchez López,España,España,Arquero,22,18,0
Gio Reyna Zimmerman,Estados Unidos,Estados Unidos,Defensa central,35,78,13
Andrés Quintero,Ecuador,Ecuador,Delantero centro,30,104,37
Thiago Fernández,Argentina,Argentina,Defensa central,37,21,0
José Valencia,Ecuador,Ecuador,Delantero centro,25,13,8
Takumi Yamamoto,Japón,Japón,Arquero,19,8,0
Leon Schmidt Schneider,Alemania,Alemania,Defensa central,37,78,9
Facundo González,Argentina,España,Delantero centro,36,36,11
Jude Smith,Inglaterra,Inglaterra,Lateral izquierdo,32,60,9
Shoya Ito,Japón,Japón,Mediocampista defensivo,26,31,2
Nuno Santos Ferreira,Portugal,Inglaterra,Lateral izquierdo,20,22,0
Emiliano Ramírez Jiménez,México,Ecuador,Defensa central,20,11,1
Carlos Alonso Sánchez,España,Francia,Defensa central,34,56,4
Ahmed Musa,Nigeria,Francia,Defensa central,39,86,4
Jonas Schmidt,Alemania,Alemania,Mediocampista ofensivo,19,7,4
Carlos Chávez García,México,Ecuador,Extremo izquierdo,35,123,36
Nayef Bono Saïss,Marruecos,Inglaterra,Mediocampista ofensivo,35,58,3
Anas Benali El Haddadi,Marruecos,España,Mediocampista ofensivo,34,18,4
Julian Richter,Alemania,Francia,Defensa central,32,43,2
Ferran Moreno Ruiz,España,España,Mediocampista ofensivo,34,83,22
Callum White,Inglaterra,España,Extremo izquierdo,27,26,10
Calvin Adebayo,Nigeria,Alemania,Lateral derecho,19,17,1
José Valencia Chávez,Ecuador,Ecuador,Arquero,20,13,0
Thiago Martínez,Argentina,Argentina,Defensa central,30,42,5
Vitinha Fernandes,Portugal,Portugal,Delantero centro,28,61,24
Walker Zimmerman,Estados Unidos,Estados Unidos,Extremo izquierdo,27,34,17
Oussama Mazraoui,Marruecos,Francia,Extremo izquierdo,18,11,7
Alexis Hernández,México,México,Mediocampista defensivo,30,106,13
Gonzalo González,Argentina,Alemania,Delantero centro,32,71,11
Habib Ndiaye Diop,Senegal,Argentina,Lateral izquierdo,38,41,3
Moses Musa Nwankwo,Nigeria,Inglaterra,Delantero centro,18,5,5
Niklas Richter,Alemania,España,Defensa central,38,66,3
Agustín Acuña,Argentina,Argentina,Defensa central,25,77,1
Andrés Preciado,Ecuador,Ecuador,Defensa central,23,13,3
Jonas Müller,Alemania,Alemania,Mediocampista ofensivo,32,39,2
Leon Weber Müller,Alemania,Alemania,Lateral derecho,36,72,9
Lamine Mané,Senegal,Senegal,Lateral derecho,35,47,9
Nicolas Diop,Senegal,Senegal,Mediocampista ofensivo,25,51,2
Kingsley Bernard,Francia,Francia,Mediocampista ofensivo,28,66,8
Jordy Chávez Preciado,Ecuador,Ecuador,Arquero,39,56,0
Takumi Morita,Japón,Japón,Mediocampista defensivo,27,31,4
Kyle Green Wilson,Inglaterra,Francia,Lateral derecho,27,44,1
Mason Taylor,Inglaterra,Australia,Lateral derecho,30,35,0
Takumi Kamada,Japón,Alemania,Extremo izquierdo,21,12,7
Anas Benali Amrabat,Marruecos,España,Mediocampista ofensivo,19,4,4
Mike Diaby,Francia,Alemania,Mediocampista ofensivo,22,28,13
Gabriel Lima,Brasil,México,Extremo izquierdo,30,49,8
Marcus Taylor,Inglaterra,Inglaterra,Mediocampista defensivo,22,17,2
Nicolas Mané 803,Senegal,España,Defensa central,39,29,2
Bryan Méndez,Ecuador,Ecuador,Delantero centro,27,34,20
Bernardo Oliveira,Portugal,Portugal,Arquero,18,4,0
Lucas Camara,Francia,Ecuador,Delantero centro,28,69,14
Bukayo Walker Walker,Inglaterra,Inglaterra,Mediocampista defensivo,34,89,4
James Smith Smith,Inglaterra,Inglaterra,Delantero centro,31,70,18
Caio Ferreira,Brasil,Brasil,Arquero,25,64,0
Lucas Martin,Francia,Francia,Lateral izquierdo,19,17,1
Alex Balogun,Nigeria,Nigeria,Arquero,36,61,0
Abdou Koulibaly,Senegal,Portugal,Defensa central,21,6,0
Idrissa Ndiaye,Senegal,Senegal,Mediocampista ofensivo,27,25,0
Harry Green,Inglaterra,Inglaterra,Defensa central,32,97,0
Lachlan Irvine,Australia,Australia,Defensa central,39,93,4
Kelechi Eze Iheanacho,Nigeria,Nigeria,Extremo izquierdo,30,39,3
Jeremy Arboleda Valencia,Ecuador,España,Mediocampista defensivo,24,18,3
Iker Sánchez,España,Inglaterra,Mediocampista ofensivo,21,5,5
Uriel Jiménez García,México,México,Arquero,27,64,0
Gabriel Almeida Almeida,Brasil,Brasil,Mediocampista defensivo,23,22,4
Kevin Mina,Ecuador,Argentina,Delantero centro,26,36,4
Koki Sato Kobayashi,Japón,Japón,Lateral derecho,30,42,2
Adrien Camara,Francia,España,Mediocampista defensivo,32,113,15
Moussa Diop Diop,Senegal,Francia,Mediocampista ofensivo,26,32,2
Romain El Haddadi Saïss,Marruecos,Portugal,Lateral derecho,25,35,4
Bukayo Brown,Inglaterra,Inglaterra,Extremo derecho,28,53,26
Timo Richter,Alemania,Alemania,Lateral derecho,23,35,1
Gonzalo Romero,Argentina,Alemania,Lateral derecho,29,79,1
Ahmed Onyeka,Nigeria,Nigeria,Lateral izquierdo,24,3,0
Rodrygo Santos,Brasil,Japón,Delantero centro,27,60,38
Andrés Valencia,Ecuador,Inglaterra,Lateral derecho,26,45,0
Daichi Yamamoto Tanaka,Japón,Japón,Lateral izquierdo,37,24,2
Nicolás Sosa,Argentina,Francia,Mediocampista ofensivo,34,52,2
Lucas Fofana,Francia,Francia,Lateral izquierdo,37,69,8
Declan Wright,Inglaterra,Inglaterra,Defensa central,19,4,1
Mitchell Goodwin,Australia,Australia,Extremo izquierdo,32,54,7
Abdou Koulibaly Mané,Senegal,Portugal,Mediocampista ofensivo,34,104,12
Christian Pulisic,Estados Unidos,España,Lateral derecho,29,44,6
Callum King,Inglaterra,Inglaterra,Delantero centro,18,5,1
Daichi Ito Suzuki,Japón,Japón,Defensa central,37,44,6
Santiago Romero,Argentina,Francia,Mediocampista ofensivo,21,19,6
Aaron Grant,Australia,Inglaterra,Defensa central,26,43,0
Leroy Müller,Alemania,México,Defensa central,19,8,0
Lucas Acuña,Argentina,España,Extremo izquierdo,28,95,18
James Wilson Taylor,Inglaterra,Inglaterra,Arquero,31,134,0
Lucas Mbappé,Francia,Francia,Defensa central,26,21,0
Cheikhou Mané,Senegal,Brasil,Extremo derecho,22,20,6
Carlos Rodríguez Pérez,España,Alemania,Delantero centro,28,56,13
Moses Adebayo,Nigeria,Nigeria,Lateral derecho,36,10,1
Aiden Goodwin,Australia,Australia,Lateral izquierdo,33,57,5
Samuel Eze,Nigeria,Francia,Mediocampista defensivo,33,58,4
Olivier Kanté,Francia,Marruecos,Defensa central,20,11,3
Mitchell Grant,Australia,Japón,Defensa central,30,41,7
Aaron Grant Smith,Australia,Francia,Arquero,30,69,0
Hugo Alonso,España,España,Extremo izquierdo,18,6,6
Mason Wilson,Inglaterra,Nigeria,Lateral derecho,33,102,2
Kyle Taylor Smith,Inglaterra,Francia,Delantero centro,33,17,7
Rafael Almeida,Brasil,España,Lateral derecho,30,70,2
Koki Sato,Japón,Japón,Lateral derecho,39,90,2
Calvin Osimhen,Nigeria,Francia,Extremo izquierdo,29,68,16
Kylian Dubois Fofana,Francia,Francia,Arquero,35,33,0
Lachlan Grant,Australia,Australia,Lateral izquierdo,38,106,2
Jamie Maclaren,Australia,Japón,Lateral derecho,23,29,2
Kingsley Giroud,Francia,Francia,Defensa central,18,4,0
Vitinha Costa,Portugal,Marruecos,Lateral derecho,33,108,5
Kai Schneider,Alemania,Alemania,Lateral derecho,29,28,2
Diego Lima,Brasil,Brasil,Arquero,32,23,0
Bukayo Walker Brown,Inglaterra,Inglaterra,Mediocampista defensivo,21,26,1
Dixon Gruezo,Ecuador,Inglaterra,Lateral izquierdo,25,49,1
Sergio García,España,Senegal,Lateral derecho,21,28,1
Antoine Dubois,Francia,Australia,Arquero,23,46,0
Carlos Alonso Martínez,España,España,Lateral derecho,35,60,6
Lucas Oliveira,Brasil,Francia,Extremo derecho,26,23,11
Timothy Morris,Estados Unidos,Estados Unidos,Defensa central,32,17,2
Taiwo Omeruo,Nigeria,España,Lateral izquierdo,39,83,5
Kylian Petit,Francia,Estados Unidos,Mediocampista defensivo,21,15,2
Luis Preciado,Ecuador,Estados Unidos,Extremo derecho,39,113,27
Lucas Martin Dubois,Francia,Francia,Delantero centro,25,30,11
Nicolas Mané 677,Senegal,Australia,Defensa central,32,53,0
Andrés Caicedo Méndez,Ecuador,Ecuador,Lateral izquierdo,39,94,1
Wataru Suzuki,Japón,Inglaterra,Delantero centro,33,73,46
Riley Goodwin,Australia,Australia,Arquero,20,10,0
Leon Weber,Alemania,Alemania,Mediocampista ofensivo,22,17,6
Joshua Weber,Alemania,Alemania,Mediocampista ofensivo,25,23,2
Carlos Moreno,México,España,Mediocampista ofensivo,33,106,14
Daichi Sato,Japón,Brasil,Extremo izquierdo,21,25,8
Moussa Ndiaye,Senegal,Australia,Delantero centro,38,46,6
Jordan Johnson,Estados Unidos,Estados Unidos,Lateral izquierdo,29,27,2
Declan King,Inglaterra,Inglaterra,Delantero centro,22,4,4
Florian Wagner,Alemania,Francia,Lateral izquierdo,34,39,1
Luis Méndez,Ecuador,España,Extremo derecho,18,12,4
Idrissa Koulibaly Gueye,Senegal,Inglaterra,Delantero centro,26,70,15
Ismaïla Dieng,Senegal,Nigeria,Extremo derecho,20,7,5
Santiago Moreno,México,México,Extremo derecho,22,3,3
Diego Ferreira,Brasil,Brasil,Lateral izquierdo,25,11,1
Mitchell Mooy,Australia,Australia,Extremo derecho,35,85,6
Randal Giroud,Francia,México,Lateral izquierdo,35,21,3
Nicolás Acuña,Argentina,Senegal,Lateral izquierdo,18,4,1
Niklas Koch,Alemania,Alemania,Lateral izquierdo,35,28,1
Vitinha Ramos,Portugal,España,Delantero centro,35,46,33
Romain El Haddadi,Marruecos,Alemania,Delantero centro,30,94,22
Emiliano Jiménez,México,México,Delantero centro,22,43,14
Daichi Yamamoto,Japón,Japón,Mediocampista defensivo,22,17,2
Ismaïla Mané,Senegal,Senegal,Defensa central,37,66,7
Thiago Acuña,Argentina,Inglaterra,Arquero,36,56,0
Calvin Eze,Nigeria,Nigeria,Extremo izquierdo,32,74,32
Rodrygo Souza Oliveira,Brasil,Brasil,Lateral derecho,32,22,5
Harry Grant,Australia,Australia,Arquero,27,25,0
Jude Brown,Inglaterra,Inglaterra,Defensa central,26,30,2
Bruno Gomes,Portugal,Inglaterra,Delantero centro,32,54,43
Álvaro Rodríguez,España,España,Arquero,36,46,0
Tyler Pulisic,Estados Unidos,Argentina,Delantero centro,36,121,44
Christian Miller Adams,Estados Unidos,Estados Unidos,Defensa central,33,63,1
Idrissa Koulibaly Diop,Senegal,Senegal,Lateral derecho,36,135,14
Felipe Almeida,Brasil,Brasil,Defensa central,36,100,4
Théo Bernard,Francia,Francia,Mediocampista defensivo,25,35,2
Abdou Dieng,Senegal,España,Arquero,32,61,0
Diogo Gomes Costa,Portugal,México,Mediocampista defensivo,27,13,3
Vitinha Pereira,Portugal,Portugal,Defensa central,30,29,2
Moussa Mané,Senegal,Nigeria,Lateral derecho,18,4,0
Lautaro Álvarez Romero,Argentina,Marruecos,Arquero,33,81,0
Joshua Becker,Alemania,Senegal,Extremo derecho,26,30,4
Takumi Sato,Japón,Ecuador,Extremo izquierdo,18,1,1
Nabil Mbappé,Francia,Francia,Arquero,39,55,0
Thiago Fernández González,Argentina,Inglaterra,Lateral derecho,18,3,1
Sergio Moreno López,España,España,Mediocampista defensivo,19,11,3
Ritsu Endo,Japón,España,Mediocampista ofensivo,23,44,9
Shoya Yamamoto,Japón,Japón,Delantero centro,27,57,20
Ferran Moreno Pérez,España,España,Lateral izquierdo,21,12,2
Nuno Silva Gomes,Portugal,Portugal,Mediocampista defensivo,38,37,5
Guillermo Rodríguez,México,México,Mediocampista defensivo,25,16,2
Bernardo Neves,Portugal,Portugal,Mediocampista ofensivo,29,37,11
Kevin Quintero Arboleda,Ecuador,España,Arquero,22,22,0
Carlos Sánchez,México,Australia,Delantero centro,38,46,36
Jonas Koch,Alemania,Alemania,Lateral izquierdo,36,71,1
Gabriel Souza Oliveira,Brasil,España,Arquero,24,14,0
Sadio Koulibaly Koulibaly,Senegal,Senegal,Arquero,34,27,0
Habib Fall,Senegal,España,Delantero centro,36,98,9
Noah Turner,Estados Unidos,Estados Unidos,Lateral izquierdo,36,70,3
Uriel López Sánchez,México,México,Lateral derecho,21,24,2
Marcos Sánchez,España,Inglaterra,Extremo izquierdo,26,20,6
Mateo González,Argentina,Inglaterra,Extremo izquierdo,19,8,8
Jack Brown,Inglaterra,Estados Unidos,Mediocampista defensivo,30,31,7
Mitchell Rowles Ryan,Australia,España,Mediocampista ofensivo,36,41,13
Kylian Kanté,Francia,Japón,Mediocampista defensivo,18,1,1
Kaoru Nakamura,Japón,Alemania,Extremo derecho,31,77,13
Marcos Martínez,España,Inglaterra,Defensa central,31,94,6
Jordy Mina,Ecuador,Ecuador,Delantero centro,28,19,11
Alex Okafor,Nigeria,Brasil,Extremo derecho,26,58,1
Niklas Schmidt,Alemania,Alemania,Delantero centro,29,65,19
Jonas Schneider,Alemania,Alemania,Extremo izquierdo,37,57,29
Declan White,Inglaterra,Inglaterra,Extremo izquierdo,29,57,19
João Ramos,Portugal,España,Defensa central,24,8,1
Lucas Álvarez,Argentina,Argentina,Delantero centro,39,112,8
Serge Weber,Alemania,Francia,Lateral derecho,28,34,1
Idrissa Gueye,Senegal,Marruecos,Mediocampista defensivo,28,34,3
Habib Diop,Senegal,Senegal,Lateral izquierdo,25,57,9
Ethan Johnson,Estados Unidos,Senegal,Extremo derecho,21,27,11
Rodrygo Souza Pereira,Brasil,Brasil,Delantero centro,20,9,9
Kevin Valencia,Ecuador,Inglaterra,Lateral derecho,37,60,5
Santiago Pérez,Argentina,Inglaterra,Extremo derecho,38,102,8
Marcos López,España,Marruecos,Lateral derecho,25,14,1
Noah Adams,Estados Unidos,Estados Unidos,Extremo izquierdo,20,22,6
Santiago González,Argentina,Portugal,Extremo derecho,24,30,7
Jhon Preciado Arboleda,Ecuador,Ecuador,Lateral derecho,21,30,1
Mateo Fernández Molina,Argentina,Alemania,Mediocampista defensivo,18,6,1
Aaron Mooy,Australia,Alemania,Mediocampista ofensivo,26,26,4
Kyle Green,Inglaterra,Australia,Delantero centro,29,61,13
Emiliano Pérez,Argentina,España,Lateral izquierdo,28,66,8
Javier López,México,Inglaterra,Defensa central,31,60,1
Mathew Smith,Australia,Australia,Extremo derecho,18,1,1
Boulaye Gueye Diallo,Senegal,Senegal,Lateral izquierdo,18,3,0
Niklas Fischer,Alemania,Alemania,Mediocampista defensivo,30,46,1
Gavi Moreno Pérez,España,España,Lateral izquierdo,22,33,5
Rúben Silva,Portugal,Portugal,Mediocampista defensivo,36,36,3
Mitchell Duke,Australia,Argentina,Lateral derecho,26,43,1
Niklas Schneider,Alemania,Portugal,Mediocampista defensivo,31,44,1
Álvaro Moreno,España,Francia,Lateral derecho,39,77,7
Lamine Dieng,Senegal,España,Delantero centro,34,66,8
Rodrygo Almeida,Brasil,Brasil,Mediocampista defensivo,22,3,1
Bukayo Jones,Inglaterra,Inglaterra,Mediocampista ofensivo,30,99,19
Noah Miller Pulisic,Estados Unidos,Ecuador,Delantero centro,35,120,41
Callum White Wilson,Inglaterra,Inglaterra,Delantero centro,34,72,40
Antoine Petit Petit,Francia,Francia,Extremo derecho,19,7,5
Bukayo Walker,Inglaterra,Inglaterra,Delantero centro,23,18,6
Anas Hakimi,Marruecos,Inglaterra,Lateral derecho,19,8,0
Nuno Pereira Silva,Portugal,Alemania,Defensa central,28,37,2
José Caicedo,Ecuador,Ecuador,Lateral derecho,32,46,7
Kingsley Dubois Diaby,Francia,Portugal,Delantero centro,26,30,13
Nayef Hakimi,Marruecos,Marruecos,Delantero centro,34,75,47
Santiago Rodríguez,Argentina,Francia,Arquero,38,62,0
João Santos Souza,Brasil,España,Mediocampista defensivo,38,103,4
Miles Johnson Pulisic,Estados Unidos,Estados Unidos,Defensa central,38,77,3
Jude Jones,Inglaterra,Inglaterra,Defensa central,36,118,1
Michael Preciado,Ecuador,Ecuador,Extremo derecho,36,42,18
Ao Ito,Japón,Japón,Defensa central,37,27,1
Sergio Torres,España,Inglaterra,Defensa central,23,45,4
Gavi Torres,España,España,Lateral izquierdo,18,4,1
Nayef Benali,Marruecos,Francia,Lateral derecho,25,21,2
João Almeida,Brasil,Brasil,Defensa central,38,14,1
Rodrygo Lima,Brasil,Brasil,Mediocampista ofensivo,20,2,1
Anas Amrabat,Marruecos,Marruecos,Extremo izquierdo,37,84,15
Pape Koulibaly,Senegal,Senegal,Extremo izquierdo,26,19,6
Marcus Walker,Inglaterra,Inglaterra,Mediocampista ofensivo,28,49,6
Phil Wright Wilson,Inglaterra,Inglaterra,Defensa central,37,65,2
Diogo Gomes,Portugal,Portugal,Mediocampista defensivo,35,32,3
Luis Arboleda,Ecuador,Argentina,Extremo izquierdo,37,111,25
Nicolas Ndiaye,Senegal,Senegal,Defensa central,39,74,5
Vitinha Oliveira,Portugal,Portugal,Arquero,20,22,0
Nayef Ziyech,Marruecos,España,Delantero centro,36,86,31
Olivier Petit,Francia,Francia,Delantero centro,32,10,10
Ahmed Okafor,Nigeria,Nigeria,Extremo derecho,26,13,6
Rafael Souza,Brasil,Brasil,Delantero centro,19,1,1
Mathew Mooy Duke,Australia,Alemania,Delantero centro,35,68,33
André Santos,Portugal,Argentina,Mediocampista ofensivo,19,7,6
Samuel Balogun Musa,Nigeria,Nigeria,Extremo izquierdo,26,54,8
Victor Omeruo Balogun,Nigeria,Nigeria,Delantero centro,34,41,21
Diego Ramírez,México,México,Lateral derecho,39,111,1
Timothy Adams,Estados Unidos,Estados Unidos,Extremo derecho,33,88,25
Nabil Dubois,Francia,Estados Unidos,Extremo izquierdo,30,50,10
Emmanuel Osimhen,Nigeria,Brasil,Delantero centro,32,37,13
Santiago García,México,México,Extremo izquierdo,27,54,8
Sergio Moreno,España,España,Lateral derecho,29,30,6
Nabil Mbappé Bernard,Francia,Brasil,Mediocampista defensivo,27,34,5
Julián Martínez,Argentina,México,Extremo izquierdo,33,74,6
Rafael Pereira Costa,Portugal,Francia,Extremo izquierdo,28,72,7
Ismaïla Cissé,Senegal,Senegal,Lateral izquierdo,23,36,1
Pedri Rodríguez,España,Brasil,Lateral derecho,25,35,0
Raúl Rodríguez Ramírez,México,México,Mediocampista defensivo,34,112,2
Kyle Walker,Inglaterra,Alemania,Defensa central,36,49,1
Thiago Álvarez Pérez,Argentina,Brasil,Extremo derecho,29,70,7
Mehdi Mazraoui,Marruecos,México,Lateral izquierdo,21,34,2
Daichi Suzuki,Japón,Australia,Delantero centro,37,98,18
Shoya Sato,Japón,Japón,Mediocampista ofensivo,30,51,20
Ilias Hakimi,Marruecos,Marruecos,Defensa central,20,21,0
Takefusa Sato,Japón,Japón,Mediocampista defensivo,34,113,7
Blake Irvine,Australia,Inglaterra,Defensa central,34,62,5
Kyle White King,Inglaterra,Inglaterra,Extremo izquierdo,28,19,7
Serge Becker,Alemania,Alemania,Mediocampista defensivo,36,39,4
Kyle Taylor,Inglaterra,Inglaterra,Extremo izquierdo,19,6,6
Manuel Fischer,Alemania,España,Defensa central,24,60,3
Kai Richter,Alemania,Alemania,Lateral izquierdo,24,39,2
Hiroki Kobayashi,Japón,Japón,Lateral izquierdo,19,9,1
Kylian Diaby,Francia,Francia,Extremo izquierdo,20,9,6
Carlos Cedeño,Ecuador,Brasil,Mediocampista defensivo,27,10,1
Thomas Schneider,Alemania,España,Lateral derecho,22,28,3
Boulaye Fall,Senegal,España,Delantero centro,27,70,41
Carlos Rodríguez,España,España,Defensa central,18,5,0
Yuto Endo,Japón,Australia,Lateral derecho,21,34,0
Alex Omeruo,Nigeria,Nigeria,Mediocampista defensivo,36,49,2
Harry Maclaren,Australia,Australia,Mediocampista ofensivo,26,44,8
Adrien Diaby,Francia,Ecuador,Defensa central,39,80,3
Abdou Ndiaye,Senegal,Marruecos,Extremo derecho,22,20,7
João Silva,Portugal,Japón,Delantero centro,23,11,11
Lautaro González,Argentina,Argentina,Defensa central,23,45,0
Diego Pereira,Brasil,Argentina,Mediocampista defensivo,31,45,8
Phil Taylor,Inglaterra,Inglaterra,Defensa central,31,21,1
Guillermo Rodríguez Hernández,México,México,Lateral izquierdo,21,13,3
Declan Wright Wright,Inglaterra,Alemania,Arquero,34,89,0
João Silva Costa,Portugal,Portugal,Defensa central,20,1,1
Héctor Sánchez,México,México,Defensa central,35,95,9
Weston Morris,Estados Unidos,Portugal,Delantero centro,24,19,19
Vitinha Neves,Portugal,España,Extremo derecho,35,63,6
Franco Acuña,Argentina,Argentina,Defensa central,25,53,6
Carlos Jiménez,México,Argentina,Defensa central,18,8,1
Matheus Ferreira,Brasil,Francia,Delantero centro,32,55,6
Bernardo Silva,Portugal,Alemania,Arquero,18,3,0
Emmanuel Balogun,Nigeria,Nigeria,Defensa central,30,50,1
Hakim El Haddadi Amrabat,Marruecos,Marruecos,Mediocampista ofensivo,38,115,11
Bruno Ferreira,Brasil,Brasil,Mediocampista defensivo,37,77,19
Nayef Ziyech Ziyech,Marruecos,Francia,Lateral derecho,20,19,2
Julian Weber,Alemania,Senegal,Mediocampista ofensivo,22,13,5
Bruno Santos,Brasil,Estados Unidos,Lateral derecho,34,67,1
Lachlan Smith,Australia,Australia,Lateral derecho,28,60,0
Nabil Fofana,Francia,Argentina,Defensa central,20,12,1
Phil Wilson,Inglaterra,España,Delantero centro,27,65,40
Nicolas Mané,Senegal,Portugal,Mediocampista ofensivo,34,24,8
Julian Schmidt,Alemania,Alemania,Delantero centro,37,52,7
Sofiane El Idrissi,Marruecos,España,Extremo izquierdo,24,33,19
Harry Brown Smith,Inglaterra,Portugal,Delantero centro,38,97,27
Danilo Souza,Brasil,Estados Unidos,Lateral derecho,18,1,0
Jordan Morris Miller,Estados Unidos,Estados Unidos,Arquero,34,85,0
Sofiane El Idrissi Mazraoui,Marruecos,Argentina,Lateral derecho,19,7,1
Sadio Diallo,Senegal,Senegal,Mediocampista ofensivo,21,17,7
Connor Maclaren Leckie,Australia,Australia,Mediocampista ofensivo,38,71,6
Carlos Martínez Alonso,España,España,Lateral derecho,25,54,2
Gio Zimmerman,Estados Unidos,Ecuador,Arquero,26,40,0
Hugo Moreno,España,España,Defensa central,29,90,11
Aurélien Camara Giroud,Francia,Francia,Defensa central,20,18,2
Facundo Romero Molina,Argentina,Portugal,Lateral derecho,34,120,10
Emmanuel Okafor,Nigeria,Nigeria,Delantero centro,21,37,26
Habib Ndiaye Cissé,Senegal,Inglaterra,Arquero,27,21,0
Bukayo Wilson,Inglaterra,España,Defensa central,18,8,2
Timothy Johnson,Estados Unidos,Estados Unidos,Defensa central,25,21,1
Alexis Sánchez Martínez,México,México,Lateral derecho,34,55,4
Gonzalo Pérez,Argentina,Estados Unidos,Lateral izquierdo,32,17,0
Álvaro Ruiz,España,Japón,Defensa central,32,86,14
Jordan Morris,Estados Unidos,Estados Unidos,Delantero centro,19,16,14
Pablo Alonso Pérez,España,Inglaterra,Arquero,31,33,0
Noah Reyna,Estados Unidos,Inglaterra,Mediocampista ofensivo,37,75,20
Habib Koulibaly,Senegal,Senegal,Defensa central,35,42,6
Mathew Mooy Ryan,Australia,Japón,Mediocampista ofensivo,39,33,2
Rafael Silva,Portugal,Argentina,Mediocampista ofensivo,29,67,17
Lamine Diop,Senegal,Francia,Defensa central,31,67,2
Boulaye Diallo Mané,Senegal,Senegal,Arquero,18,3,0
Brandon Pulisic,Estados Unidos,Inglaterra,Extremo derecho,31,97,21
Romain Hakimi,Marruecos,Francia,Mediocampista defensivo,30,83,7
Mehdi Hakimi,Marruecos,Nigeria,Arquero,22,8,0
Santiago Acuña,Argentina,Argentina,Mediocampista defensivo,28,42,6
Lautaro Álvarez,Argentina,Japón,Arquero,30,54,0
Connor Ryan,Australia,Senegal,Mediocampista defensivo,20,22,1
Manuel Koch,Alemania,Estados Unidos,Delantero centro,23,29,13
Phil Taylor Wright,Inglaterra,Inglaterra,Delantero centro,25,27,21
Adrien Camara Giroud,Francia,México,Lateral derecho,35,76,15
Amine El Haddadi,Marruecos,Inglaterra,Extremo derecho,27,35,8
Jeremy Cedeño Arboleda,Ecuador,Ecuador,Lateral derecho,29,21,1
Anas Benali,Marruecos,México,Lateral derecho,37,101,5
Dixon Chávez,Ecuador,Ecuador,Mediocampista defensivo,26,79,10
Gio Zimmerman Reyna,Estados Unidos,Francia,Mediocampista ofensivo,19,23,5
Facundo Romero Fernández,Argentina,Estados Unidos,Defensa central,22,7,0
Kevin Cedeño Arboleda,Ecuador,Ecuador,Lateral izquierdo,26,32,1
Nuno Pereira,Portugal,Francia,Defensa central,26,25,4
Rodrygo Souza,Brasil,Brasil,Extremo izquierdo,22,18,11
Emiliano López,México,México,Defensa central,21,21,0
Lucas Silva,Brasil,Estados Unidos,Delantero centro,38,45,10
Jordy Chávez,Ecuador,Nigeria,Arquero,32,86,0
Koki Morita,Japón,México,Delantero centro,18,2,2
Achraf Bono,Marruecos,Marruecos,Mediocampista defensivo,22,46,9
Rafael Almeida Santos,Brasil,Senegal,Defensa central,19,9,1
Blake Grant,Australia,Alemania,Lateral izquierdo,23,36,1
Raúl Rodríguez,México,México,Extremo derecho,32,101,14
Pape Dieng,Senegal,Senegal,Extremo derecho,37,113,22
Victor Omeruo,Nigeria,Portugal,Defensa central,23,15,3
James Taylor King,Inglaterra,Inglaterra,Defensa central,23,42,3
Nuno Gomes,Portugal,Portugal,Mediocampista ofensivo,36,75,20
Daichi Morita,Japón,Australia,Mediocampista defensivo,29,57,6
Iker García,España,España,Extremo izquierdo,21,12,5
Craig Duke,Australia,Inglaterra,Lateral izquierdo,28,61,6
Kylian Dubois,Francia,Australia,Mediocampista defensivo,32,31,8
Noah Zimmerman,Estados Unidos,Alemania,Mediocampista defensivo,21,15,5
José Quintero,Ecuador,Ecuador,Extremo derecho,19,7,7
Wataru Ito,Japón,Japón,Lateral izquierdo,23,21,4
Julian Wagner,Alemania,España,Mediocampista ofensivo,28,34,9
Thiago Romero,Argentina,España,Delantero centro,20,29,23
Ao Ito Ito,Japón,Japón,Delantero centro,28,49,12
Habib Gueye,Senegal,Senegal,Lateral derecho,22,26,0
Kaoru Sato,Japón,Francia,Mediocampista defensivo,30,96,4
Jack Walker,Inglaterra,Inglaterra,Extremo izquierdo,35,30,4
Sergio Pérez,España,Japón,Arquero,18,4,0
Jeremy Cedeño,Ecuador,Ecuador,Extremo derecho,26,11,6
Declan Walker,Inglaterra,Inglaterra,Defensa central,23,46,3
Kai Richter Müller,Alemania,Alemania,Delantero centro,22,11,2
Thomas Schmidt,Alemania,Francia,Lateral derecho,21,12,2
Moussa Cissé,Senegal,Portugal,Mediocampista ofensivo,25,26,8
Pedro Oliveira,Portugal,Inglaterra,Defensa central,21,17,1
Callum Wilson,Inglaterra,Portugal,Lateral derecho,35,98,2
Victor Musa,Nigeria,Inglaterra,Defensa central,22,23,0
Carlos Martínez Torres,España,Argentina,Mediocampista ofensivo,21,14,5
Luis Arboleda Cedeño,Ecuador,Argentina,Mediocampista defensivo,28,29,2
Tyler Miller,Estados Unidos,Inglaterra,Defensa central,34,77,11
Diogo Ferreira,Portugal,Portugal,Defensa central,22,27,2
Nicolas Dieng,Senegal,Senegal,Extremo derecho,24,41,8
Daichi Tanaka,Japón,Inglaterra,Extremo derecho,25,36,7
Bruno Silva Pereira,Portugal,Alemania,Extremo derecho,26,21,6
Gio Johnson,Estados Unidos,Estados Unidos,Delantero centro,31,112,13
Rafael Ferreira,Portugal,Portugal,Mediocampista ofensivo,19,24,2
Carlos Chávez Ramírez,México,México,Delantero centro,20,18,8
Brandon Adams Robinson,Estados Unidos,Argentina,Lateral derecho,38,27,2
Bilal Amrabat,Marruecos,España,Defensa central,29,58,6
Ibrahim Osimhen,Nigeria,Nigeria,Lateral izquierdo,33,70,5
Yuto Ito,Japón,Japón,Arquero,18,10,0
Caio Oliveira,Brasil,Brasil,Delantero centro,30,77,11
Nabil Martin,Francia,Argentina,Mediocampista ofensivo,27,34,12
Mike Kanté Petit,Francia,Francia,Lateral derecho,27,34,0
Bruno Santos Fernandes,Portugal,Portugal,Arquero,37,115,0
Ahmed Nwankwo,Nigeria,Marruecos,Extremo izquierdo,35,104,11
Javier García,México,Brasil,Lateral izquierdo,31,41,1
Kai Schneider Hoffmann,Alemania,Alemania,Defensa central,31,33,1
Jules Mbappé,Francia,Alemania,Mediocampista ofensivo,18,6,2
Amine Saïss,Marruecos,Alemania,Delantero centro,37,88,35
Jackson Goodwin,Australia,Portugal,Mediocampista ofensivo,19,3,2
Samuel Okafor,Nigeria,Ecuador,Defensa central,23,38,6
Lautaro Martínez,Argentina,Inglaterra,Delantero centro,21,13,12
Adrien Kanté,Francia,España,Extremo izquierdo,18,8,8
Leon Schmidt,Alemania,Alemania,Mediocampista ofensivo,32,28,6
Hakim Bono,Marruecos,Marruecos,Lateral derecho,23,46,4
Ángel Gruezo,Ecuador,Ecuador,Extremo derecho,36,18,10
Mehdi Benali,Marruecos,Inglaterra,Lateral derecho,38,76,4
Declan Walker Wilson,Inglaterra,México,Delantero centro,32,61,47
Aaron Goodwin,Australia,Alemania,Mediocampista ofensivo,25,46,6
Bruno Lima Pereira,Brasil,Alemania,Mediocampista defensivo,30,16,3
Lucas Pérez,Argentina,Inglaterra,Defensa central,28,48,3
Christian Turner,Estados Unidos,Estados Unidos,Extremo derecho,35,99,34
Miles Johnson,Estados Unidos,Estados Unidos,Arquero,31,102,0
Andrés Quintero Méndez,Ecuador,Ecuador,Mediocampista ofensivo,35,77,24
Ayase Endo,Japón,Alemania,Delantero centro,26,45,19
José Preciado,Ecuador,Australia,Mediocampista defensivo,39,52,1
Aaron Duke Duke,Australia,Alemania,Extremo izquierdo,38,90,30
João Neves Ferreira,Portugal,Portugal,Delantero centro,24,27,14
Trent Walker,Inglaterra,Inglaterra,Extremo derecho,22,14,6
Ao Ito Morita,Japón,Japón,Mediocampista defensivo,34,38,6
Koki Sato 944,Japón,Brasil,Delantero centro,26,30,11
Bernardo Ferreira,Portugal,Portugal,Extremo izquierdo,30,18,4
Yuto Kobayashi,Japón,Francia,Extremo derecho,36,41,8
Nabil Diaby,Francia,Francia,Delantero centro,21,7,7
Cameron Morris,Estados Unidos,Estados Unidos,Defensa central,39,24,4
Rafael Pereira,Portugal,Senegal,Lateral izquierdo,39,84,2
Randal Petit,Francia,Argentina,Lateral derecho,28,35,1
Jeremy Chávez,Ecuador,Ecuador,Lateral derecho,35,33,1
Julian Richter Wagner,Alemania,Alemania,Mediocampista defensivo,21,19,1
Phil Brown,Inglaterra,España,Defensa central,32,94,1
Alexis Chávez,México,Inglaterra,Arquero,19,8,0
Mitchell Maclaren,Australia,España,Lateral derecho,24,35,8
Chidera Omeruo,Nigeria,Nigeria,Lateral derecho,37,47,1
Javier Ramírez,México,España,Defensa central,33,39,4
Samuel Iheanacho,Nigeria,Alemania,Lateral izquierdo,29,34,2
Héctor Moreno,México,México,Arquero,22,35,0
Mitchell Rowles,Australia,Australia,Lateral derecho,27,36,2
Bruno Ferreira Pereira,Portugal,Portugal,Delantero centro,35,101,4
Jordan Miller,Estados Unidos,Argentina,Mediocampista ofensivo,34,51,7
Mike Kanté,Francia,México,Defensa central,37,48,2
Riley Leckie,Australia,Australia,Lateral derecho,35,73,13
Victor Okafor,Nigeria,Senegal,Delantero centro,37,77,60
André Fernandes,Portugal,Japón,Lateral derecho,20,4,0
Ismaïla Gueye,Senegal,Senegal,Lateral izquierdo,19,6,1
Alexis Sánchez Chávez,México,México,Extremo izquierdo,21,11,8
Niklas Schmidt Schneider,Alemania,Alemania,Delantero centro,23,27,22
Sadio Dieng,Senegal,España,Delantero centro,26,51,32
Alexis Sánchez,México,México,Lateral derecho,26,29,0
Franco Rodríguez,Argentina,España,Lateral izquierdo,32,45,7
Nayef Bono,Marruecos,Marruecos,Extremo izquierdo,37,87,5
Lamine Cissé Dieng,Senegal,México,Lateral derecho,28,73,1
Emiliano Molina,Argentina,Argentina,Mediocampista defensivo,19,3,2
Sofiane El Haddadi,Marruecos,México,Arquero,28,18,0
Kylian Diaby Diaby,Francia,Francia,Arquero,28,61,0
Pape Ndiaye,Senegal,Argentina,Mediocampista defensivo,37,72,12
Michael Cedeño,Ecuador,Estados Unidos,Defensa central,22,28,0
Florian Schneider,Alemania,Alemania,Delantero centro,32,51,29
Romain Saïss,Marruecos,Marruecos,Delantero centro,39,63,25
Diego Oliveira,Brasil,Brasil,Extremo izquierdo,22,22,12
Brandon Zimmerman,Estados Unidos,Estados Unidos,Mediocampista ofensivo,30,90,7
Matheus Almeida,Brasil,Inglaterra,Extremo derecho,20,13,4
Jhon Preciado,Ecuador,Inglaterra,Lateral izquierdo,26,30,2
João Lima,Brasil,Argentina,Mediocampista ofensivo,20,14,5
Ferran Pérez,España,España,Lateral izquierdo,31,57,4
Nayef El Haddadi,Marruecos,Francia,Delantero centro,33,69,38
Rodrygo Pereira,Brasil,Brasil,Mediocampista defensivo,29,63,2
Jordan Turner,Estados Unidos,Portugal,Defensa central,37,24,2
Walker Turner,Estados Unidos,Estados Unidos,Arquero,36,63,0
Thiago Álvarez,Argentina,Argentina,Lateral derecho,38,75,7
Craig Grant Ryan,Australia,Australia,Mediocampista ofensivo,36,75,22
Nicolás Molina,Argentina,Argentina,Delantero centro,21,23,18
Cheikhou Mané Mané,Senegal,Senegal,Defensa central,30,14,0
Carlos Mina,Ecuador,Inglaterra,Delantero centro,33,18,7
Jude Brown Walker,Inglaterra,Alemania,Extremo izquierdo,19,11,10
Jonas Wagner,Alemania,Francia,Lateral derecho,19,2,1
Kyle White,Inglaterra,Inglaterra,Mediocampista defensivo,25,43,5
Nayef Ziyech Amrabat,Marruecos,Marruecos,Delantero centro,26,31,10
Samuel Onyeka,Nigeria,España,Lateral derecho,32,17,3
Uriel Rodríguez,México,México,Arquero,21,34,0
Lucas Rodríguez,Argentina,Estados Unidos,Delantero centro,19,10,10
Joshua Schneider,Alemania,México,Mediocampista ofensivo,20,6,5
Taiwo Okafor,Nigeria,Nigeria,Mediocampista defensivo,31,82,3
Raúl Sánchez,México,España,Delantero centro,34,50,21
Weston Morris Carter,Estados Unidos,Alemania,Defensa central,21,28,2
Nayef Ziyech Bono,Marruecos,Portugal,Lateral izquierdo,23,27,1
João Costa Oliveira,Brasil,España,Extremo izquierdo,21,8,8
Kylian Diaby Camara,Francia,México,Lateral derecho,20,19,3
Carlos García,México,México,Defensa central,38,25,0
Anas Mazraoui,Marruecos,Estados Unidos,Mediocampista ofensivo,18,2,2
Boulaye Gueye,Senegal,España,Defensa central,35,49,6
Riley Duke,Australia,Portugal,Mediocampista ofensivo,19,12,4
Sergio Ruiz,España,Francia,Lateral derecho,24,30,3
Victor Onyeka Eze,Nigeria,Nigeria,Mediocampista ofensivo,23,47,5
Bryan Quintero,Ecuador,Marruecos,Extremo izquierdo,26,30,1
Gonzalo Molina,Argentina,Argentina,Delantero centro,23,12,11
Kaoru Kobayashi,Japón,Japón,Extremo derecho,35,94,13
Luis Caicedo,Ecuador,Portugal,Extremo derecho,22,39,3
Kevin Quintero,Ecuador,Brasil,Delantero centro,19,12,10
Mateo Sosa,Argentina,España,Arquero,32,25,0
Michael Quintero,Ecuador,Francia,Delantero centro,27,20,20
Blake Rowles,Australia,Japón,Defensa central,19,1,1
Rúben Santos,Portugal,Japón,Delantero centro,39,26,16
Moussa Koulibaly,Senegal,Marruecos,Lateral izquierdo,26,26,1
Florian Becker,Alemania,Inglaterra,Extremo izquierdo,24,29,11
Luis García,México,Australia,Defensa central,33,57,2
Jackson Rowles,Australia,Japón,Mediocampista ofensivo,31,60,10
Diogo Costa,Portugal,Argentina,Lateral izquierdo,38,39,4
Samuel Osimhen,Nigeria,España,Lateral izquierdo,34,114,2
Cameron Reyna,Estados Unidos,Estados Unidos,Defensa central,35,108,5
Antoine Fofana,Francia,Inglaterra,Lateral izquierdo,38,90,9
Lachlan Rowles,Australia,Portugal,Lateral derecho,19,2,1
Ayase Ito,Japón,Alemania,Defensa central,22,23,3
Ritsu Sato,Japón,Japón,Lateral izquierdo,37,65,5
Chidera Onyeka,Nigeria,Nigeria,Extremo derecho,22,23,13
Julian Hoffmann,Alemania,España,Mediocampista defensivo,33,75,5
Uriel Jiménez,México,México,Mediocampista defensivo,32,47,4
Marcos Moreno,España,España,Defensa central,37,72,0
Aurélien Camara,Francia,Senegal,Arquero,27,75,0
César Ramírez,México,Senegal,Arquero,20,12,0
Gabriel Souza,Brasil,Argentina,Mediocampista defensivo,23,18,6
Bilal Ziyech,Marruecos,España,Extremo derecho,21,1,1
Daichi Endo,Japón,Estados Unidos,Lateral izquierdo,28,41,8
Kylian Giroud,Francia,Francia,Mediocampista defensivo,20,9,1
Lachlan Irvine Duke,Australia,Australia,Mediocampista ofensivo,33,59,2
Moussa Diop,Senegal,Inglaterra,Arquero,19,13,0
Pedri Ruiz,España,España,Arquero,30,50,0
Rúben Santos Neves,Portugal,Portugal,Extremo derecho,21,18,16
Lachlan Maclaren Maclaren,Australia,Australia,Mediocampista ofensivo,38,82,13
Facundo Romero,Argentina,Nigeria,Delantero centro,23,7,5
Agustín Martínez,Argentina,Argentina,Mediocampista ofensivo,23,51,7
Harry Taylor,Inglaterra,España,Extremo derecho,28,49,9
Théo Fofana,Francia,Francia,Lateral izquierdo,35,57,0
Diego Oliveira Pereira,Brasil,Brasil,Mediocampista ofensivo,27,3,3
Leroy Fischer,Alemania,Alemania,Defensa central,37,49,7
Chidera Iheanacho,Nigeria,España,Extremo izquierdo,38,94,7
Bilal Hakimi Benali,Marruecos,Marruecos,Extremo derecho,20,9,2
Connor Smith,Australia,Inglaterra,Mediocampista ofensivo,37,81,19
Kingsley Dubois,Francia,España,Delantero centro,23,46,18
Felipe Lima,Brasil,Brasil,Defensa central,31,27,6
Brandon Robinson,Estados Unidos,Senegal,Mediocampista defensivo,28,76,3
Michael Mina,Ecuador,Portugal,Mediocampista ofensivo,30,106,8
Youssef Mazraoui,Marruecos,España,Lateral izquierdo,38,84,8
Pablo Pérez,España,Francia,Delantero centro,25,35,18
Hiroki Kamada,Japón,Estados Unidos,Extremo derecho,21,30,11
Craig Duke Goodwin,Australia,Alemania,Mediocampista defensivo,30,97,2
Bilal Hakimi,Marruecos,Marruecos,Lateral derecho,32,34,2
Oussama Benali,Marruecos,Marruecos,Extremo izquierdo,37,48,17
Emmanuel Eze,Nigeria,Nigeria,Delantero centro,20,18,11
Moses Omeruo,Nigeria,Inglaterra,Lateral izquierdo,22,18,2
Diego Moreno,México,México,Extremo izquierdo,21,16,6
Bruno Santos 991,Portugal,Portugal,Lateral derecho,25,56,5
Marcus Wright,Inglaterra,Argentina,Mediocampista defensivo,38,77,12
João Santos,Portugal,Francia,Mediocampista defensivo,34,22,3
Boulaye Diallo,Senegal,Inglaterra,Delantero centro,33,68,26
Koki Endo,Japón,Japón,Arquero,39,54,0
Kalidou Dieng Diallo,Senegal,Inglaterra,Mediocampista defensivo,31,56,3
Thomas Fischer,Alemania,Alemania,Delantero centro,39,112,29
Achraf Ziyech,Marruecos,España,Arquero,22,24,0
Adrien Kanté Diaby,Francia,Japón,Extremo izquierdo,38,88,30
Carlos Chávez,México,México,Mediocampista defensivo,23,28,4
João Costa Costa,Brasil,Francia,Delantero centro,26,12,10
Gavi Sánchez,España,España,Mediocampista ofensivo,26,62,6
Jordi Sánchez,España,España,Defensa central,22,18,4
Nicolas Mané Sarr,Senegal,Portugal,Mediocampista ofensivo,30,61,5
Aurélien Giroud,Francia,Francia,Delantero centro,33,50,14
André Fernandes Silva,Portugal,Argentina,Extremo derecho,24,59,11
Kevin Caicedo,Ecuador,Ecuador,Defensa central,38,65,1
Kingsley Martin,Francia,Francia,Lateral izquierdo,29,78,2
Carlos Moreno López,México,Ecuador,Mediocampista ofensivo,37,49,11
Timothy Zimmerman,Estados Unidos,México,Lateral derecho,18,2,0
Florian Koch,Alemania,Alemania,Delantero centro,18,2,2
Daichi Ito,Japón,Japón,Defensa central,38,33,3
Ferran Moreno,España,España,Delantero centro,20,1,1
Randal Camara,Francia,Francia,Mediocampista defensivo,24,15,3
Ismaïla Gueye Diop,Senegal,Australia,Lateral izquierdo,18,12,2
Moses Adebayo Balogun,Nigeria,Nigeria,Delantero centro,22,14,11
Ao Suzuki,Japón,Estados Unidos,Arquero,37,62,0
Takefusa Nakamura,Japón,Japón,Arquero,29,62,0
James Green,Inglaterra,Inglaterra,Lateral derecho,28,39,0
Kyle Wright,Inglaterra,Inglaterra,Defensa central,21,3,1
Moses Musa,Nigeria,España,Mediocampista ofensivo,31,6,5
Declan Wilson,Inglaterra,Inglaterra,Defensa central,30,51,1
Cameron Zimmerman,Estados Unidos,Estados Unidos,Defensa central,23,7,0
Kai Koch,Alemania,Marruecos,Delantero centro,20,11,7
Mathew Mooy,Australia,Australia,Defensa central,26,20,1
Habib Ndiaye,Senegal,Alemania,Extremo izquierdo,31,70,1
Harry Maclaren Leckie,Australia,Australia,Extremo izquierdo,26,57,10
Jordi López,España,Inglaterra,Lateral izquierdo,35,45,0
Felipe Silva,Brasil,Brasil,Lateral derecho,25,25,0
Shoya Kobayashi,Japón,Japón,Lateral derecho,24,45,8
Uriel Chávez,México,Estados Unidos,Lateral izquierdo,26,10,1
Olivier Kanté Bernard,Francia,Portugal,Delantero centro,20,18,18
Agustín Acuña Romero,Argentina,Argentina,Delantero centro,32,57,8
Joshua Schneider Fischer,Alemania,Inglaterra,Delantero centro,29,53,2
Kalidou Diallo Diallo,Senegal,Alemania,Lateral izquierdo,23,23,0
Gio Pulisic,Estados Unidos,México,Mediocampista ofensivo,38,128,20
Iker Martínez Rodríguez,España,España,Arquero,21,5,0
Brandon Adams,Estados Unidos,Francia,Extremo izquierdo,26,14,5
Hiroki Tanaka,Japón,Japón,Mediocampista ofensivo,25,63,12
Gonzalo Fernández,Argentina,Estados Unidos,Defensa central,22,19,0
Harry Maclaren Rowles,Australia,Inglaterra,Delantero centro,29,4,4
César López,México,México,Delantero centro,21,18,9
Olivier Dubois,Francia,Francia,Arquero,24,31,0
Gonçalo Fernandes,Portugal,Portugal,Defensa central,28,10,0
Cameron Carter Zimmerman,Estados Unidos,Estados Unidos,Delantero centro,33,101,58
Thomas Koch,Alemania,Alemania,Lateral izquierdo,31,59,0
Iker Martínez,España,España,Mediocampista defensivo,39,55,4
Callum Smith,Inglaterra,Inglaterra,Defensa central,21,13,2
Danilo Costa,Brasil,México,Lateral derecho,19,8,0
Mathew Ryan,Australia,Francia,Extremo izquierdo,31,101,12
Pape Cissé,Senegal,Inglaterra,Mediocampista defensivo,24,30,6
Jack Green,Inglaterra,Alemania,Extremo izquierdo,31,66,4
Lucas Lima Ferreira,Brasil,Brasil,Lateral derecho,33,114,10
João Oliveira,Brasil,Brasil,Lateral izquierdo,29,83,1
Aurélien Petit,Francia,Argentina,Mediocampista ofensivo,28,54,5
Calvin Iheanacho,Nigeria,Nigeria,Defensa central,27,36,3
Marcos Rodríguez,España,España,Arquero,23,26,0
Idrissa Diallo,Senegal,Alemania,Defensa central,29,73,9
Kylian Fofana,Francia,Argentina,Defensa central,39,63,4
Christian Miller Carter,Estados Unidos,España,Mediocampista ofensivo,32,55,4
Cameron Carter,Estados Unidos,Argentina,Defensa central,35,64,0
César Rodríguez Hernández,México,México,Delantero centro,27,73,38
Declan White White,Inglaterra,Inglaterra,Delantero centro,25,57,22
Timothy Reyna,Estados Unidos,Alemania,Delantero centro,21,21,15
Guillermo Jiménez,México,México,Delantero centro,24,16,11
Hakim Hakimi,Marruecos,Marruecos,Lateral derecho,30,45,5
Raúl Jiménez,México,Ecuador,Mediocampista ofensivo,21,16,7
Koki Sato Kamada,Japón,Japón,Mediocampista ofensivo,28,18,7
Ismaïla Koulibaly,Senegal,España,Mediocampista defensivo,24,37,0
César García,México,Ecuador,Mediocampista ofensivo,37,30,6
Aurélien Camara Martin,Francia,Inglaterra,Delantero centro,32,67,13
Santiago Pérez Rodríguez,Argentina,Alemania,Arquero,34,35,0
Jude Wright,Inglaterra,Inglaterra,Defensa central,24,38,2
Uriel López Hernández,México,México,Extremo derecho,32,5,5
Leroy Becker,Alemania,Portugal,Delantero centro,35,116,29
Franco González,Argentina,Argentina,Lateral derecho,22,13,2
Ismaïla Fall,Senegal,Senegal,Delantero centro,25,18,11
Bryan Arboleda,Ecuador,México,Defensa central,35,55,2
Diego Jiménez,México,México,Extremo izquierdo,24,50,23
João Ferreira Lima,Brasil,Brasil,Mediocampista defensivo,27,69,13
Nuno Ramos,Portugal,Alemania,Delantero centro,35,80,21
Sadio Koulibaly,Senegal,Senegal,Mediocampista defensivo,33,112,3
Lucas Souza Souza,Brasil,Brasil,Lateral izquierdo,29,74,7
Emmanuel Adebayo,Nigeria,Alemania,Delantero centro,25,34,12
Christian Robinson Morris,Estados Unidos,Alemania,Extremo izquierdo,38,9,9
Kingsley Petit,Francia,España,Defensa central,31,91,3
Kingsley Kanté,Francia,Senegal,Arquero,21,18,0
Carlos Arboleda,Ecuador,Portugal,Arquero,24,33,0
Felipe Souza,Brasil,Brasil,Arquero,33,79,0
Thiago Molina,Argentina,Argentina,Defensa central,29,88,3
Kelechi Eze,Nigeria,Nigeria,Arquero,37,59,0
Mike Martin,Francia,Estados Unidos,Mediocampista defensivo,22,14,1
Walker Adams,Estados Unidos,España,Lateral derecho,22,19,1
Michael Gruezo,Ecuador,Argentina,Delantero centro,38,41,7
Gio Reyna,Estados Unidos,Brasil,Arquero,39,32,0
Craig Leckie,Australia,Estados Unidos,Mediocampista ofensivo,31,53,11
Phil Wright,Inglaterra,Inglaterra,Extremo izquierdo,28,74,8
Youssef En-Nesyri,Marruecos,Marruecos,Arquero,27,80,0
Blake Ryan,Australia,Australia,Mediocampista defensivo,34,66,12
Gabriel Lima Barbosa,Brasil,México,Lateral izquierdo,18,8,1
Nicolas Fall,Senegal,Alemania,Lateral derecho,27,46,3
Nuno Silva,Portugal,Francia,Defensa central,31,118,6
Olivier Kanté Petit,Francia,Portugal,Extremo derecho,25,46,8
Lucas González,Argentina,Argentina,Mediocampista defensivo,18,4,2
Cheikhou Diop,Senegal,Senegal,Mediocampista ofensivo,24,14,4
Jules Fofana,Francia,Francia,Extremo derecho,38,33,21
Gonzalo Fernández Rodríguez,Argentina,España,Mediocampista ofensivo,19,13,2
Aurélien Kanté,Francia,Marruecos,Mediocampista defensivo,21,16,1
Dixon Preciado,Ecuador,Alemania,Lateral izquierdo,28,47,0
Gavi Moreno,España,Brasil,Defensa central,30,63,2
Moussa Gueye Mané,Senegal,Ecuador,Defensa central,38,118,3
Dani Sánchez,España,Argentina,Mediocampista defensivo,24,46,8
Gabriel Oliveira,Brasil,México,Arquero,22,11,0
Aurélien Fofana,Francia,Francia,Lateral derecho,39,60,11
Timo Schneider,Alemania,Alemania,Mediocampista ofensivo,38,55,2
Ao Kamada,Japón,Australia,Extremo izquierdo,25,19,12
Raúl Hernández,México,Portugal,Mediocampista defensivo,30,55,12
Bryan Quintero Gruezo,Ecuador,Nigeria,Lateral derecho,33,106,4
Rafael Gomes,Portugal,Portugal,Extremo derecho,31,112,11
Gio Carter,Estados Unidos,Estados Unidos,Extremo izquierdo,34,72,17
Alexis Sánchez García,México,Portugal,Lateral derecho,26,56,8
Matheus Pereira,Brasil,Japón,Defensa central,18,7,0
Kevin Quintero Chávez,Ecuador,Ecuador,Delantero centro,32,74,20
Bruno Silva,Brasil,México,Defensa central,39,118,5
Takefusa Morita,Japón,España,Delantero centro,36,75,7
Lucas Ferreira,Brasil,Ecuador,Lateral izquierdo,36,92,14
Luis Ramírez,México,Inglaterra,Extremo izquierdo,20,11,11
Moussa Gueye,Senegal,Senegal,Lateral derecho,27,31,3
Noah Turner Miller,Estados Unidos,Estados Unidos,Delantero centro,23,36,25
Serge Schmidt,Alemania,Alemania,Mediocampista defensivo,24,33,5
Mason Jones Wright,Inglaterra,Francia,Delantero centro,23,27,22
Christian Johnson Adams,Estados Unidos,Estados Unidos,Arquero,22,31,0
Mateo Fernández Álvarez,Argentina,Brasil,Delantero centro,29,28,12
Ayase Kamada,Japón,Japón,Extremo derecho,19,1,1
Diego López,México,México,Delantero centro,23,30,24
Randal Martin,Francia,España,Extremo izquierdo,34,87,12
Ángel Preciado,Ecuador,México,Defensa central,21,14,2
Connor Grant,Australia,Inglaterra,Lateral derecho,27,36,7
Mike Giroud,Francia,Alemania,Delantero centro,23,13,13
Samuel Balogun,Nigeria,Inglaterra,Delantero centro,34,57,21
Michael Gruezo Cedeño,Ecuador,Ecuador,Lateral derecho,39,104,7
Pape Mané,Senegal,Senegal,Extremo izquierdo,23,7,7
Bruno Pereira,Portugal,Australia,Delantero centro,28,40,13
Serge Koch,Alemania,Alemania,Arquero,19,3,0
Pablo Pérez Ruiz,España,España,Defensa central,36,11,1
Lucas Lima,Brasil,Inglaterra,Delantero centro,32,80,18
Pape Cissé Diop,Senegal,Brasil,Delantero centro,27,29,24
Marcos Martínez Sánchez,España,España,Mediocampista defensivo,30,74,11
Moses Osimhen,Nigeria,Nigeria,Lateral izquierdo,27,28,2
Carlos Quintero,Ecuador,Ecuador,Defensa central,39,42,7
Diego Sánchez,México,México,Mediocampista ofensivo,19,4,4
Ismaïla Ndiaye,Senegal,Australia,Lateral izquierdo,19,15,3
Théo Giroud,Francia,Portugal,Mediocampista defensivo,23,45,1
Leon Weber Fischer,Alemania,Alemania,Lateral izquierdo,23,13,1
Marcus Wilson,Inglaterra,México,Mediocampista defensivo,18,15,2
Jules Petit,Francia,Brasil,Mediocampista defensivo,23,40,7
Florian Fischer,Alemania,Japón,Defensa central,19,18,0
Emiliano Ramírez,México,Brasil,Arquero,37,108,0
Harry Grant Maclaren,Australia,Australia,Extremo derecho,29,32,3
Iker Martínez García,España,Marruecos,Delantero centro,35,27,20
Gonçalo Santos,Portugal,Portugal,Lateral derecho,19,6,0
Cameron Adams,Estados Unidos,Estados Unidos,Delantero centro,37,45,18
Marcos García,España,Senegal,Arquero,31,59,0
Julian Koch,Alemania,Francia,Extremo derecho,21,23,6
Bilal En-Nesyri,Marruecos,Senegal,Defensa central,31,94,7
Julián Romero,Argentina,Ecuador,Defensa central,23,21,4
Amine Bono,Marruecos,Marruecos,Delantero centro,28,54,7
Cheikhou Gueye,Senegal,Senegal,Extremo izquierdo,26,66,7
João Neves,Portugal,Portugal,Mediocampista ofensivo,30,30,10
Brandon Morris,Estados Unidos,Inglaterra,Lateral derecho,24,54,3
Marcus Brown,Inglaterra,Inglaterra,Lateral derecho,31,64,9
Gonçalo Neves,Portugal,Alemania,Extremo derecho,30,58,24
Timothy Turner,Estados Unidos,Estados Unidos,Mediocampista ofensivo,25,18,4
Bryan Cedeño,Ecuador,Francia,Extremo izquierdo,18,3,3
Lucas Souza,Brasil,Brasil,Defensa central,35,25,2
Jordan Reyna,Estados Unidos,Estados Unidos,Defensa central,23,34,6
Christian Morris,Estados Unidos,México,Delantero centro,20,7,7
João Ferreira,Brasil,Brasil,Extremo derecho,24,33,8
Anas Mazraoui El Haddadi,Marruecos,Marruecos,Mediocampista defensivo,18,1,1
Jackson Irvine,Australia,Australia,Lateral derecho,26,54,5
Dixon Caicedo,Ecuador,Estados Unidos,Arquero,35,78,0
Luis Quintero,Ecuador,Estados Unidos,Delantero centro,29,119,31
César Rodríguez,México,Argentina,Lateral izquierdo,28,52,1
Hugo Pérez,España,Estados Unidos,Delantero centro,23,57,22
Jhon Mina Gruezo,Ecuador,Ecuador,Extremo derecho,26,59,14
Kyle Jones,Inglaterra,Brasil,Mediocampista defensivo,22,27,4
Bryan Arboleda Preciado,Ecuador,México,Arquero,24,46,0
Uriel López,México,Nigeria,Arquero,29,46,0
Jeremy Arboleda,Ecuador,Francia,Defensa central,19,5,2
Raúl Jiménez López,México,Ecuador,Arquero,31,66,0
Olivier Martin,Francia,Francia,Delantero centro,35,115,37
Bilal El Idrissi,Marruecos,Marruecos,Lateral izquierdo,34,68,8
Héctor Jiménez,México,Francia,Arquero,29,35,0
Mehdi Bono,Marruecos,Marruecos,Defensa central,36,63,9
Cristiano Oliveira,Portugal,Nigeria,Lateral derecho,18,9,0
Harry Ryan,Australia,Japón,Arquero,36,38,0
Carlos Martínez,España,Brasil,Lateral izquierdo,31,41,7
Taiwo Onyeka,Nigeria,Nigeria,Mediocampista defensivo,25,36,2
Rúben Gomes,Portugal,Inglaterra,Mediocampista defensivo,22,3,2
Sergio Martínez,España,Portugal,Delantero centro,33,42,20
Moses Onyeka,Nigeria,Nigeria,Defensa central,36,120,5
Gabriel Almeida,Brasil,Brasil,Delantero centro,31,57,40
Nuno Santos,Portugal,Portugal,Mediocampista defensivo,39,46,5
Takumi Ito Endo,Japón,España,Mediocampista defensivo,23,24,3
Ethan Miller,Estados Unidos,España,Defensa central,21,15,3
Andrés Caicedo,Ecuador,Francia,Defensa central,32,57,4
James Taylor,Inglaterra,Inglaterra,Delantero centro,27,36,13
Mason Wright,Inglaterra,Nigeria,Arquero,28,65,0
Iker Rodríguez,España,Inglaterra,Mediocampista defensivo,22,14,3
Declan Smith,Inglaterra,Inglaterra,Lateral izquierdo,23,44,4
Phil Green,Inglaterra,España,Arquero,26,38,0
Adrien Fofana,Francia,Inglaterra,Delantero centro,25,23,10
Carlos Alonso Ruiz,España,España,Mediocampista defensivo,29,26,3
Connor Maclaren,Australia,Australia,Mediocampista defensivo,33,36,8
Kelechi Adebayo,Nigeria,Nigeria,Lateral izquierdo,28,43,7
Blake Maclaren,Australia,Australia,Lateral izquierdo,32,87,9
Mitchell Irvine,Australia,Australia,Lateral izquierdo,18,16,3
Thiago Acuña Martínez,Argentina,Argentina,Lateral derecho,29,90,8
Héctor Ramírez,México,México,Delantero centro,28,11,3
Pablo Alonso Martínez,España,Inglaterra,Extremo derecho,30,80,6
Randal Petit Giroud,Francia,México,Delantero centro,34,104,27
Ismaïla Diallo,Senegal,Senegal,Lateral derecho,23,30,3
Mateo Fernández,Argentina,Inglaterra,Delantero centro,23,45,18
Bernardo Santos,Portugal,Estados Unidos,Extremo izquierdo,38,61,12
Moussa Dieng,Senegal,Francia,Extremo derecho,35,60,10
Walker Johnson,Estados Unidos,Argentina,Delantero centro,28,34,14
Carlos López,España,España,Defensa central,34,104,1
Leon Koch,Alemania,Alemania,Delantero centro,25,31,16
Victor Onyeka,Nigeria,Nigeria,Lateral izquierdo,35,89,10
Aiden Rowles,Australia,Australia,Lateral izquierdo,22,16,3
Takumi Suzuki,Japón,España,Extremo derecho,25,59,16
Thiago Álvarez Romero,Argentina,Argentina,Delantero centro,23,19,7
Aaron Duke,Australia,Australia,Defensa central,22,39,3
Shoya Suzuki,Japón,Japón,Mediocampista defensivo,24,55,4
Amine Hakimi,Marruecos,España,Mediocampista ofensivo,35,98,13
Blake Mooy,Australia,Australia,Arquero,23,44,0
Carlos Chávez Jiménez,México,México,Lateral derecho,29,67,10
Danilo Barbosa,Brasil,Brasil,Delantero centro,28,73,24
José Valencia Mina,Ecuador,México,Defensa central,34,36,0
Cheikhou Koulibaly,Senegal,Inglaterra,Extremo derecho,20,12,6
James Wilson,Inglaterra,Inglaterra,Defensa central,29,71,7
Kaoru Suzuki,Japón,Japón,Lateral izquierdo,30,21,1
Kelechi Iheanacho,Nigeria,Alemania,Lateral izquierdo,39,117,12
Hakim El Haddadi,Marruecos,España,Lateral izquierdo,19,10,3
Idrissa Koulibaly,Senegal,Marruecos,Defensa central,33,90,1
Álvaro Torres,España,España,Lateral derecho,33,63,2
Hakim En-Nesyri,Marruecos,Marruecos,Lateral izquierdo,28,49,1
Carlos Valencia,Ecuador,Marruecos,Mediocampista ofensivo,35,51,5
Anas Mazraoui El Idrissi,Marruecos,Senegal,Mediocampista defensivo,30,50,3
Lamine Cissé Fall,Senegal,Nigeria,Arquero,22,48,0
João Costa,Brasil,Brasil,Arquero,20,11,0
Carlos Méndez,Ecuador,Estados Unidos,Lateral izquierdo,30,78,1
Takumi Ito,Japón,Alemania,Mediocampista defensivo,21,27,1
Ayase Yamamoto Tanaka,Japón,Inglaterra,Extremo izquierdo,37,41,9
Hugo Ruiz,España,Inglaterra,Lateral izquierdo,34,83,13
Ahmed Balogun,Nigeria,Nigeria,Extremo izquierdo,19,14,5
Nuno Santos Santos,Portugal,Inglaterra,Arquero,20,23,0
Idrissa Koulibaly Cissé,Senegal,Francia,Delantero centro,38,105,22
Bruno Santos Oliveira,Brasil,Portugal,Defensa central,34,64,3
Takefusa Kamada,Japón,Inglaterra,Lateral izquierdo,25,54,4
Dixon Gruezo Mina,Ecuador,Ecuador,Mediocampista ofensivo,33,119,14
Mathew Duke,Australia,Brasil,Extremo derecho,26,30,9
Hakim Benali,Marruecos,Marruecos,Lateral izquierdo,39,69,2
Carlos Méndez Cedeño,Ecuador,España,Delantero centro,28,58,17
Kaoru Kamada,Japón,Alemania,Mediocampista defensivo,31,31,3
Ismaïla Fall Dieng,Senegal,Senegal,Extremo derecho,28,82,27
Chidera Osimhen,Nigeria,Senegal,Extremo derecho,37,25,10
Amine Mazraoui,Marruecos,Estados Unidos,Mediocampista defensivo,31,78,8
Gio Reyna Johnson,Estados Unidos,Estados Unidos,Extremo derecho,32,103,8
Kalidou Dieng,Senegal,Senegal,Defensa central,22,32,1
Felipe Santos Almeida,Brasil,Alemania,Extremo izquierdo,30,77,14
Nayef Ziyech Saïss,Marruecos,Francia,Lateral izquierdo,28,45,2
Hiroki Kamada Endo,Japón,Australia,Arquero,36,66,0
Aaron Leckie,Australia,Japón,Mediocampista defensivo,22,24,6
Thomas Richter,Alemania,Alemania,Delantero centro,33,68,22
Jack Taylor,Inglaterra,Australia,Delantero centro,20,7,7
Franco Pérez,Argentina,Brasil,Extremo derecho,26,12,7
Cameron Turner,Estados Unidos,Estados Unidos,Lateral izquierdo,27,46,1
Jordy Preciado,Ecuador,Nigeria,Lateral derecho,28,70,0
Lamine Koulibaly,Senegal,Francia,Mediocampista defensivo,27,25,2
Kelechi Nwankwo,Nigeria,España,Mediocampista defensivo,37,86,1
José Gruezo,Ecuador,Ecuador,Extremo derecho,23,11,4
Jack Jones,Inglaterra,Estados Unidos,Delantero centro,22,37,13
Santiago Sánchez,México,México,Delantero centro,28,88,18
Florian Becker Müller,Alemania,Alemania,Lateral derecho,31,58,11
Bruno Oliveira Ferreira,Brasil,Brasil,Defensa central,31,84,2
Leroy Wagner,Alemania,España,Mediocampista ofensivo,36,108,2
Alexis Jiménez,México,México,Defensa central,29,47,1
Mehdi Saïss,Marruecos,España,Extremo derecho,36,64,16
Emiliano Rodríguez,México,México,Lateral derecho,21,24,4
Iker Moreno,España,España,Delantero centro,18,13,8
Matheus Costa,Brasil,Alemania,Mediocampista defensivo,22,27,0
